Año,Edomex TOTAL,Toluca TOTAL,%Toluca,Fcst
2008,290337,39810,0.13711652321268,
2009,286081,41273,0.144270329032687,
2010,271902,39787,0.146328456576266,
2011,280865,40027,0.142513307104837,
2012,289888,40846,0.140902693454024,
2013,279869,37714,0.134755903654924,40348.6
2014,215108,28138,0.130808710043327,39929.4
2015,266552,35872,0.134577868483448,37302.4
2016,,,,36519.4
2017,,,,35642.5
2018,,,,33908
2019,,,,32005
2020,,,,35872